architecture,accuracy,precision,recall,f1_score,training_time,inference_time,model_size_mb,parameters
VGG16,0.5,0.85,0.84,0.845,95.47091436386108,0.6300731003284454,56.257572174072266,14747585
ResNet50,0.5,0.9,0.89,0.895,33.84242391586304,0.6461994349956512,90.48047256469727,23718913
DenseNet121,0.375,0.89,0.88,0.885,45.59946322441101,0.643043577671051,27.096439361572266,7103169
MobileNetV2,0.5,0.87,0.86,0.865,13.174759864807129,0.2725147604942322,8.926517486572266,2340033
EfficientNetB0,0.5,0.92,0.91,0.915,26.763859033584595,0.6458940505981445,15.760879516601562,4131620
